video_id,title,publishedAt,channelId,channelTitle,categoryId,trending_date,tags,view_count,likes,dislikes,comment_count,thumbnail_link,comments_disabled,ratings_disabled,description
"PadwyJZDwfE","C Anthony Harris: 4 types of ACTION [#0722] #lfwp #goals2023 #action","2023-03-27T15:08:16Z","UCLpEvGUidkcVhl_noBrkWxw","LFWP TV","22","23.05.12","[none]","14","0","0","0","https://i.ytimg.com/vi/PadwyJZDwfE/default.jpg","False","True",""
"wPMTFXujYyA","Ğ¼ÑƒĞ²Ğ¸Ğº+(Ğ˜Ğ³Ñ€Ğ°Ğ»Ğ¸ Ğ¿Ñ€Ğ¾Ñ‚Ğ¸Ğ² ĞºĞ»Ğ°Ğ½Ğ° S1TX)","2023-07-05T14:08:07Z","UCGU1IudrYNSa4j5ChvD79Bg","ER0N","1","23.05.12","[none]","273","0","0","4","https://i.ytimg.com/vi/wPMTFXujYyA/default.jpg","False","True",""
"1gNwvrmsFPs","WCPA Champs","2023-04-24T18:00:15Z","UCAS7O7V5irwj-PCNPw131_w","WCPA","22","23.05.12","[none]","22","0","0","0","https://i.ytimg.com/vi/1gNwvrmsFPs/default.jpg","False","True","Come join us at Eastside High School on April 29th, 12pm!Made with iMovie"
"n-OS_W-XQjE","CALIBRATION OF EZDO 7200 DIGITAL PH, CONDUCTIVITY METER","2023-05-16T07:17:04Z","UCUzxsABzUuxJR8YtiC07ovw","Calibration World pk","28","23.05.12","calibration|ph|conductivity|meter|ph conductivity meter|calibration wrold|ph meter ko kasy calibrate kry|ezdo|7200|ezdo ph meter|ezdo conductivity meter|ezdo 7200 ph meter|ezdo 7200 conductivity meter|ezdo ph conductivity meter|ph meter ko calibrate krny ka triqa|china ph meter|china conductivity meter|china ph conductivity meter","378","0","0","3","https://i.ytimg.com/vi/n-OS_W-XQjE/default.jpg","False","True","Hello Friends,This video is about digital ph/conductivity  ezdo 7200 calibration if you any other meter please feel free to contact me on WhatsApp.H A Rehman0321 4024736...#calibration #EZDO #7200 #calibration_world_pk"
"ZA0R-mODlEM","sangeet performance family","2022-09-03T10:37:57Z","UCKdYHM4FxHiQscet6_FtE7A","shaan gut","22","23.05.12","[none]","128","0","0","0","https://i.ytimg.com/vi/ZA0R-mODlEM/default.jpg","False","True",""
"I2FL-U-vkgo","Drama Serial Hatim episode#1.   Next episode for wahid tv follow us.","2022-12-27T08:17:11Z","UCP7nL1BsIbmsQOgXxkzZI0A","WaHiD TV","22","23.05.12","[none]","2","0","0","0","https://i.ytimg.com/vi/I2FL-U-vkgo/default.jpg","False","True","Ù…Ø²ÛŒØ¯Ø¯Ù„Ú†Ø³Ù¾ ÙˆÛŒÚˆÛŒÙˆ Ø¯ÛŒÚ©Ú¾Ù†Û’Ú©Û’Ù„ÛŒÛ’ ÛÙ…Ø§Ø±Û’ÛŒÙˆÙ¹ÛŒÙˆØ¨ Ú†ÛŒÙ†Ù„ WAHID TV Ú©ÙˆØ³Ø¨Ø³Ú©Ø±Ø§Ø¦Ø¨ Ú©Ø±ÛŒÚº ØªØ§Ú©Û ÛÙ…Ø§Ø±ÛŒ Ø§Ú¯Ù„ÛŒ Ø¢Ù†Û’ ÙˆØ§Ù„ÛŒ Ù†Ø¦ÛŒ ÙˆÛŒÚˆÛŒÙˆØ²Ú©Ø§Ù†ÙˆÙ¹ÛŒÙÚ©ÛŒØ´Ù† Ø¢Ù¾ Ú©ÙˆÙ…Ù„ Ø³Ú©Û’Û”"
"LKelcd57FsU","Doar 3 oua si am fericit toata familia, reteta de top. | SavurosTV","2019-11-21T10:00:06Z","UClhvADSV4F4xkPMxxH7GRzA","savurosTV","26","23.05.12","savuros.tv|savurostv retete|paine|paine de casa|paine la cuptor|paine de casa pufoasa|paine de casa rapida|paine de casa reteta|reteta paine de casa traditionala|paine de casa reteta bunicii|paine de casa la tava|reteta fitness|aperitive|aperitive festive|aperitive reci|aperitive de revelion|aperitive de post|aperitive rapide pentru musafiri|aperitive rapide|aperitive spectaculoase|aperitive simple si de efect|aperitive nunta|aperitive calde","275872","0","0","19","https://i.ytimg.com/vi/LKelcd57FsU/default.jpg","False","True","AÅŸa cum nu aÅ£i mai vÄƒzut vreodatÄƒ, este cel mai rapid dejun, dar cÃ¢t este de gustoooos! Alade din albuÅŸ de ou, sÄƒnÄƒtoase, pufoase ÅŸi cu un numÄƒr mic de calorii, le puneÅ£i servi cu un gem dulce-acriÅŸor sau chiar cu o felie de ÅŸuncÄƒ, nu ezitaÅ£i sÄƒ le preparaÅ£i!ReÈ›eta completÄƒ: http://savuros.info/recipe/doar-3-oua-si-am-fericit-toata-familia-reteta-de-top/Pentru mai multe reÈ›ete video urmÄƒriÈ›i-ne pe:Blog: http://savuros.info/Facebook: https://www.facebook.com/savuros.tv/Instagram: https://www.instagram.com/savuros.tv/Echipa SavurosTV vÄƒ doreÈ™te poftÄƒ bunÄƒ alÄƒturi de cei dragi!"
"Pa9vAf9-TZ8","2023å¹´4æœˆ9æ—¥","2023-04-09T10:04:55Z","UCmQCNwBJMITkZeaPKnrZcAw","CKTW group","22","23.05.12","[none]","11","0","0","0","https://i.ytimg.com/vi/Pa9vAf9-TZ8/default.jpg","False","True","CKTWç»„å‘˜å‘ˆç°(å¥½å¸…å“Ÿ)èˆè¹ˆã€‚ã€‚ã€‚èˆè¹ˆåŠ¨ä½œå¸…æ°”åˆé£’ã€‚"
"fzVO-6FbfME","gold weightless necklace new collection","2022-04-24T17:52:56Z","UCB6pYImGUOuwonK_zfsTN6g","sangeetha vengat","26","23.05.12","gold|new collection|necklace model|trending design|golden diamond|22 carat gold|trending video|trending collection|Tamil video|sangeetha vengat","200","0","0","0","https://i.ytimg.com/vi/fzVO-6FbfME/default.jpg","False","True","#newmodel #necklace#gold #sangeethavengatsupport & subscribe ğŸ¥°"
video_id,title,publishedAt,channelId,channelTitle,categoryId,trending_date,tags,view_count,likes,dislikes,comment_count,thumbnail_link,comments_disabled,ratings_disabled,description
"juSPapp3SLY","Safrane 1 ect sensor replacement","2021-03-21T19:29:19Z","UCnpgnyakIdMdxuT17_Hc8NA","driver Tech","22","23.05.12","[none]","1522","0","0","0","https://i.ytimg.com/vi/juSPapp3SLY/default.jpg","False","True","12 valve j7r ect sensor was not working . Engine system shows only till 70 degree . Change the old one . And perfect performance come back.."
"GwxOR6gUsXc","0vhv-urbk-75vg-vqqd-8txm","2021-01-15T00:11:21Z","UCY2X1yQwSCjZfZF0YjyWbjg","Swarup Saha","20","23.05.12","[none]","24","0","0","0","https://i.ytimg.com/vi/GwxOR6gUsXc/default.jpg","False","True","Support the stream: https://streamlabs.com/swarupsaha1"
"uW-DIObBS_Q","This DC Game deserves 1million players!(DCUR Testing)","2023-01-22T07:59:21Z","UCSDjr61y3R8sdTY7w1CJ2gQ","TheBlue_Lantern","22","23.05.12","[none]","43","0","0","1","https://i.ytimg.com/vi/uW-DIObBS_Q/default.jpg","False","True","the games DCUR Testing sadly the pre alpha is privated it will be back soon though."
"v1BNn5-G94Y","Deepak YT is live | Pubg mobile | iPhone XR | Live uc giveaway ğŸ˜","2022-07-14T04:01:10Z","UC94931kJq0YNMLL5a5uPYlg","Deepak YT","20","23.05.12","Stun deepak|Stunxdeepakyt|YoutubeDEEPAK|live|Pubg","226","0","0","1","https://i.ytimg.com/vi/v1BNn5-G94Y/default.jpg","False","True","Lets play together!Follow @ig_deepakyt for regular updates#PUBG #PAKISTAN #SOLOSQUADDevice : IPHONE XRControls : 3 FINGER PLUS FULL GYROSHOW SUPPORT â¤ï¸#stunxdeepakyt#pakistan#pubgmontage#pubg#threefingerclaw#threefingerclawgyro#solorush#iphonexr#iphonexrpubg#iphonexrpubgtest#iphonexrpubgmontage#lidspubgmontage#pubgmontage#pubgmontages#reflexes#pubggameplay#pubgmobilegameplay#pubggameplays#pubgmobilegameplays#pubgfrag#pubgfragmovie#pubgmmontageiPhone XR,iPhone 11,Pubg mobile,Pubg mobile montage,montage Pubg,IOS 14,Kesari,Indian player montage,Pubg,new montage,kabali op,solo rush,Slaydevil,xlr8 Boi,Payio,90 FPS,Velocity editing,motion blurr,iPhone XR Review, iPhone XR FPS test, IPhone XR Pubg gameplay,iPhone xr Pubg montage,.OnePlus Nord Pubg Test,OnePlus Nord Pubg test In Hindi,OnePlus Nord Pubg Test hindi,OnePlus Nord Pubg Mobile TestOnePlus Nord Pubg,OnePlus Nord Pubg Hindi,OnePlus Nord Pubg Review,OnePlus Nord Pubg Mobile Test Review,Oneplus nord Gaming Test,Oneplus Nord Gaming Review,Oneplus Nord Pubg Gaming Test,Oneplus Nord Pubg Gaming Review,Oneplus Nord,Oneplus Nord Unboxing,Oneplus Nord Unboxing technical guruji,oneplus nord Pubg testOneplus Nord 56, price, launch date in india | OnePlusNord 5G: Snapdragon 765G 5G, Best Budget 5GSmartphone | Price | Specs | OnePlus Z 5G | 2020oneplus Nord, oneplus 5g, oneplus Nord unboxing,oneplus z price, oneplus z price in india, oneplus z launchdate, oneplus z launch date in india, oneplus z specsoneplus z first look, oneplus z official video, oneplus ztrailer, oneplus z full specification, oneplus z unboxing,redmi k20 pro pubg,redmi k20 pro pubg test,redmi k20 pro pubg gameplay,k20 pro touch issue,k20 pro touch issue pubg,k20 pro touch issue update,k20 pro best sensitivity settings,k20 pro best sensitivity settings without gyroscope,solo v squad tips,redmi note 8 pro pubg,redmi note 8 pro pubg test,redmi note 8 pro pubg gameplay,redmi k20 pro pubg test,redmi k20 pro pubg test akshay gaming,redmi k20 pro pubg test high graphicsRedmi Note 8 Pro PubgRedmi Note 8 Pro GameplayRedmi Note 8 Pro Pubg TestRedmi Note 8 Pro Pubg Gameplay TestRedmi Note 8 Pro PUBG HEATING ISSUERedmi Note 8 Pro Pubg Heating IssueRedmi Note 8 Pro Pubg Touch IssueRedmi Note 8 Pro PubgRedmi Note 8 ProNote 8 Pro PubgRedmi Note 8 Pro Pubg VideoRedmi Note 8 Pro Pubg Gameplay VideoRedmi Note 8 Pro SensitivityXaomi Note 8 Pro pubg VideoRn8pro Pubg Gameplay VidedRedmi Note 8 Pro Heat IssueStun deepak ytStunx deepakyt stun deepakytPUBG MONTAGE#oneplusNord#OnePlusNord#NewOnePlusNordMid RangePhone#OnePlus7T#Oneaplus#RedmiNote8Pro#Montage#PubgMobile#Season15#RedmiNote8ProVsPocoF1#Scout#Mortal#lxrGaming#PocoF1Redmi Note 8 Pro Pubg,Redmi Note 8 Pubg gameplay,Redmi Note 8 Pro Pubg Test,Redmi Note 8 Pro Pubg Gameplay Test,Note 8 Pro Pubg Heating issue,Redmi 8 Pro Touch Issue,Redmi Note 8 Pro Pubg,Note 8 Pro Pubg,Redmi note 8 pro,intense squad wipe,Redmi K20 Pro Pubg,k20 pro Pubg, gaming, Pubg mobile montage, noob to pro, Pubg gyroscope, Jonathan, solo v squad, high kills, Pubg fastest player, Chinese pros, players, k20 Pro gameplay, t1 scrims, join t1 scrims, k20 Pro, scout, k20 Pro montage, tribute to k20 Pro, best 6x spray, k20 Pro lag, k20 pro anti lag, k20 pro lag solution, K20 pro best sensitivity, zero recoil sensitivity, Poco F1 Pubg, Redmi note 8 Pro Pubg, Realme X3 Pubg, Rog 3 Pubg, K20 PRO TOUCH ISSUERedmi Note 8 Pro Pubg,Redmi Note 8 Pubg gameplay ,Redmi Note 8 Pro Pubg Test,Redmi Note 8 Pro Pubg Gameplay Test,Note 8 Pro Pubg Heating issue,Redmi 8 Pro Touch Issue,Redmi Note 8 Pro Pubg,Note 8 Pro PubgRedmi note 8 pro,intense squad wipe,intense squad gameplay,intense squad,intense squad firefight,intense squad fight pubg,intense squad wipe pubg, intense squad moments,intense squad game, most intense squad game, intensesolo vs squad pubg mobile, most intense squad wipes,squad, squad tactics, squad gaming, squad gameplay,squad free fire, squad trailer, squad pubg, squad housetips and tricks, jonathan pubg controls, jonathan pubg sensitivity, best 2 finger control pubg, best 2 finger mobile player, best 2 finger controls gameplay, jonathan tips and tricks, jonathan tips for close range, jonathan tips pubg, jonathan controls and sensitivity, jonathan controls handcam, jonathan controls pubg, how to master jonathan controls, lost boy pubgsquadhelp, squad wipe, squad wipes,squad wipes tricks, squad wipe montage,tips, squad wipe pubg, squad wiper, squad wipe status,squad wipe in pubg mobile, squad wipe pubg mobile lite,squad wipe with awm, oneplus, oneplus z, oneplus 7t,oneplus 7 pro, oneplus india, oneplus 7t pro, oneplus 7,oneplus 6t, oneplus tv, oneplus 6, oneplus 7t, oneplus7t pro, oneplus 7t unboxing, oneplus 7t vs 8, oneplus7t pubg, oneplus 7t review, oneplus 7t camera, oneplus7t pro pubg,"
"irjccXqTPGk","BBGI GLOBAL INFRASTRUCTURE S.A. - Results for financial year ended 31 December 2021","2022-04-13T22:20:37Z","UCSkgHz8cLm6TvLND3VsYIRw","Investor Meet Company","25","23.05.12","BBGI|BBGI GLOBAL INFRASTRUCTURE S.A.|Investor Meet Company|Results for financial year ended 31 December 2021","53","0","0","0","https://i.ytimg.com/vi/irjccXqTPGk/default.jpg","False","True","To be informed of all BBGI GLOBAL INFRASTRUCTURE S.A.'s upcoming presentations, register at InvestorMeetCompany: https://www.investormeetcompany.com/bbgi-global-infrastructure-sa/register-investor"
"tGya91iGi6s","TOP CHARTS OF THE DAY FOR 5/24/23 â€“ EEIQ, NNTX, NVDA, RRGB","2023-05-26T12:00:54Z","UCh__jlUcgxBnrU3C9x3V7JA","Harry Boxer - TheTechTrader","27","23.05.12","[none]","91","0","0","0","https://i.ytimg.com/vi/tGya91iGi6s/default.jpg","False","True","2023/05/24 â€“ Wednesday Top Charts of the Day by Harry Boxer, TheTechTrader.com.EpicQuest Education Group International Limited (EEIQ) made an explosive move on Wednesday, jumping from 1.74 to 3.36, pretty much doubling, backed off and closed up 91 cents, or 62%, to 2.37, on a huge 32.2 million shares traded. Iâ€™m looking for this stock to possibly extend. The overall chart pattern shows that after being up in the 8-range for a while, came down to under a dollar, bounced, and at this point it is at resistance. Keep an eye on this stock going forward because if it gets through this zone, you may very well see a 6 to 8-dollar stock.Nutanix, Inc. (NTNX) exploded after hours on strong earnings on Wednesday. I am featuring this here right now because, knowing this company very well, I think this has got to be a trigger. It is coming out of a 6-month falling wedge that takes it up through 30, into the 33-34 zone, and eventually 39-40.NVIDIA Corporation (NVDA) had one of the biggest days of the year on Wednesday for any stock. The low during the session was 298.06, at four oâ€™clock it was 305.41, then in after-hours it exploded to just under 400 to 394.75. A long coil has developed, which leads me to think we should watch this on Thursday for a follow-through day, maybe to 405-410.Red Robin Gourmet Burgers, Inc. (RRGB) has been in an uptrend since January of this year when it was trading around 5.35. On Wednesday it jumped 1.25, or 9%, to 15.22, on 784.5K shares traded and tagged 16.75 in after-hours. Iâ€™m looking for a move that gets it to 18 and 21.Other stocks on the long side include Applied Digital Corporation (APLD), Enveric Biosciences, Inc. (ENVB), GigaCloud Technology Inc. (GCT), Kamada Ltd. (KMDA), Movella Holdings Inc. (MVLA), and Nano-X Imaging Ltd. (NNOX).Top Charts of the Day, published Monday through Wednesday, Thursday Swing Trade Review, and Saturday Weekly Wrap Up feature Harry Boxer's video technical analysis. To learn which stocks Harry is adding to his model portfolio, including stops and targets, sign up for a Free 10-Day Trial to his Technical Trading Diary -- which includes both day trades, swing trades and intermediate-term stock picks. Go to: https://www.thetechtrader.com/ #swingtrading #technicaltrading #stockmarketrecap #stockmarket #swingtraderTimecodes0:00 INTRO0:14 APLD0:44 EEIQ1-22 ENVB1:54 GCT2:25 KMDA2:41 MVLA3:03 NNOX3:16 NTNX4:25 PANW4:37 RRGB"
"lx4F-rvOqAM","fuck you will stetson","2023-03-14T02:12:19Z","UC-P0MlAnK5FabHx6HPwYfkA","sleepy","22","23.05.12","[none]","14","0","0","0","https://i.ytimg.com/vi/lx4F-rvOqAM/default.jpg","False","True","2023 03 13 21 09 27258 AttemptsIts a replay, set the score last night.https://osu.ppy.sh/users/32870504"
"w5HN-lHT1eA","ğŸ±","2023-05-09T06:43:57Z","UCr9oFullKYkcbhACPF-qjHg","Andrea Unicorn","22","23.05.12","[none]","842","0","0","2","https://i.ytimg.com/vi/w5HN-lHT1eA/default.jpg","False","True",""
"sGwUgGlpnmQ","How to Restore My Dream Car: Karmann Ghia | I Like To Make Stuff","2021-06-10T15:00:33Z","UC6x7GwJxuoABSosgVXDYtTw","I Like To Make Stuff","26","23.05.12","i like to make stuff|iliketomakestuff|diy|woodworking|metalworking|electronics|3D printing|prop making|karmann ghia|karmann ghia restoration|karman ghia|karman gia|volkswagon|car restoration|car restoration project|rust busket|1970 karmann ghia|karmann ghia project|karmann ghia project car|project car|restoring old cars|grinding rust|grinding rust off metal|chris fix|spy car|do it yourself|diy restoration|diy car restoration|how to|how to restore","324437","0","0","3390","https://i.ytimg.com/vi/sGwUgGlpnmQ/default.jpg","False","True","Bob has always wanted a Volkswagon Karmann Ghia, so he bought a junky rust bucket that he can restore into his dream car! He knows nothing about cars, so he's going to need your help! Check out our Merchandise, Digital Plans, and Online Course at ilt.ms/shopGet digital plans, cool merch, and indepth articles at https://iliketomakestuff.comLearn 3d modeling in Fusion 360 with our online course:https://www.fusion360formakers.comTOOLS & SUPPLIES WE USED(affiliate links):https://kit.co/iliketomakestuff/my-woodworking-toolshttps://kit.co/iliketomakestuff/shop-safety-gearWant to support ILTMS? The Maker Alliance gets exclusive content and more... http://www.iliketomakestuff.com/joinFOLLOW:http://instagram.com/iliketomakestuffhttp://twitter.com/iliketomakestufhttp://facebook.com/iltmsMUSIC: http://share.epidemicsound.com/iltms#Restoration #ILikeToMakeStuff #VolkswagonAbout I Like To Make Stuff: We have lots of projects including woodworking, metalworking, electronics, 3D printing, prop making and more!These videos are our attempt inspire and empower others to make the stuff that they want to have. Hopefully you'll see something here that will inspire you to make something that you're passionate about!Is This Rust Bucket my Dream Car? | I Like To Make Stuffhttps://youtu.be/sGwUgGlpnmQI Like To Make Stuffhttp://www.youtube.com/Iliketomakestuff"
"lThOpqjof4g","communicative english 2 dpu3 f2003,f2017","2022-03-31T16:13:42Z","UCnstCQo3OB5zhDNuvmirhoA","Zaf","22","23.05.12","[none]","17","0","0","0","https://i.ytimg.com/vi/lThOpqjof4g/default.jpg","False","True",""
video_id,title,publishedAt,channelId,channelTitle,categoryId,trending_date,tags,view_count,likes,dislikes,comment_count,thumbnail_link,comments_disabled,ratings_disabled,description
"2ZsX-WHqiwQ","Samsung Galaxy A03s vs Samsung Galaxy F41 comparison","2021-11-03T08:12:48Z","UC6dDSUb-39c3c0fcA7W4OCQ","Phone Specifications","28","23.05.12","basedphone|galaxy A03s|galaxy A03s review|galaxy A03s specs|galaxy A03s vs F41|galaxy F41|galaxy F41 review|galaxy F41 specs|samsung galaxy A03s|samsung galaxy F41","14","0","0","0","https://i.ytimg.com/vi/2ZsX-WHqiwQ/default.jpg","False","True","This is a comparison between Samsung Galaxy A03s and Samsung Galaxy F41 smartphones.#galaxy #samsung #A03s #F41============================================If you liked the video, please like & subscribe!If you didn't like the video, dislike and write in the comments what you didn't like!â€“â€“â€“â€“â€“â€“â€“â€“ Thanks For Watching â€“â€“â€“â€“â€“â€“â€“â€“Tags (ignore)samsung galaxy A03s unboxing, samsung galaxy A03s review, samsung galaxy A03s camera, samsung galaxy A03s pubg, samsung galaxy A03s antutu, samsung galaxy A03s price, samsung galaxy A03s launch date, samsung galaxy A03s release date, samsung galaxy A03s features, samsung galaxy A03s unbox, samsung galaxy A03s features, samsung galaxy A03s trailer, samsung galaxy A03s release date, samsung galaxy A03s release, samsung galaxy A03s hindi, samsung galaxy A03s Ğ¾Ğ±Ğ·Ğ¾Ñ€, samsung galaxy A03s in india, samsung galaxy A03s in pakistan, samsung galaxy A03s specs, samsung galaxy F41 unboxing, samsung galaxy F41 review, samsung galaxy F41 camera, samsung galaxy F41 pubg, samsung galaxy F41 antutu, samsung galaxy F41 price, samsung galaxy F41 launch date, samsung galaxy F41 release date, samsung galaxy F41 features, samsung galaxy F41 unbox, samsung galaxy F41 features, samsung galaxy F41 trailer, samsung galaxy F41 release date, samsung galaxy F41 release, samsung galaxy F41 hindi, samsung galaxy F41 Ğ¾Ğ±Ğ·Ğ¾Ñ€, samsung galaxy F41 in india, samsung galaxy F41 in pakistan, samsung galaxy F41 specs"
"QxOQoVOmrIE","Lil Bear - I'll be here (Official Lyric Video)","2023-06-02T04:00:10Z","UC8RB3DsnOIfLeUGqPIAbDMQ","Lil Bear","10","23.05.12","LilBear|LilBearRap|Lil Bear - I'll be here|I'll be here Bear|LilBearI'llBeHere|#LilBearRap|#LilBear|love song|lil bear - ill be here|lil bear ill be here|lovesong|lyricvideo|#BeHere","699","0","0","5","https://i.ytimg.com/vi/QxOQoVOmrIE/default.jpg","False","True","Unsigned 18 year old artist from North CarolinaOfficial Lyric Video for I'll be here by Lil Bear.Follow Lil Bear:Spotify: https://open.spotify.com/artist/7kKlXUSWWduhv160FdElFa?si=RFF0-mNgQ2mrU1BQ9lf5TQInstagram - https://www.instagram.com/lilbearrap/â€‹SoundCloud - https://soundcloud.com/officiallilbearSnapchat - jayliv_2#LilBearRap #BeHere #LilBear"
"XWZnEHlgozc","The perfect Chicken Parmesan DOES exist. ğŸğŸ¤¤ From Table 87 in Brooklyn, NYC! #DEVOURPOWER","2023-07-13T19:36:44Z","UCAPpi1iWQFyW6V4ssQzZwHg","Devour Power TV","22","23.05.12","[none]","457365","0","0","119","https://i.ytimg.com/vi/XWZnEHlgozc/default.jpg","False","True",""
"3jgh-I_brKY","Call of Duty: Modern Warfare II_20230625225043","2023-06-26T02:55:09Z","UCHacXixrDmZqwwATDFyxUrQ","jesus santiago","20","23.05.12","Call of Duty: Modern Warfare II|PS5Share","7","0","0","0","https://i.ytimg.com/vi/3jgh-I_brKY/default.jpg","False","True",""
"3JgH-lJ6H6M","1950, Miri Oil town.","2021-02-02T04:28:29Z","UCqJM01ZWEZGJNVrhFPnv7ng","Aimm Anne","22","23.05.12","[none]","47","0","0","0","https://i.ytimg.com/vi/3JgH-lJ6H6M/default.jpg","False","True",""
"Ea3PrG-6fGE","How to set up NBN FTTC - iiNet TP-Link VR1600v","2020-03-03T01:33:20Z","UC-746PcaVj4aFN44dPoH6sA","iiNet","28","23.05.12","[none]","38032","0","0","0","https://i.ytimg.com/vi/Ea3PrG-6fGE/default.jpg","False","True",""
"Sb1ivzgDPs4","Emaan ki 60 se upar shakein hain ğŸ˜˜â£ï¸ğŸ˜â£ï¸ğŸ¥° #shorts #viralshorts #islamic","2023-07-02T10:00:14Z","UCXzRaH1ULJaHgbJHF7aoZFw","Islam on Peak","22","23.05.12","Emaan ki 60 se upar shakein hain|emaan|eman|ki|60|saath|se|upar|shakhein|hain|faith|sixty|above|hadees|hadith|farman e mustafa|irshad mubarak|islamic|islamic knowledge|islamic video|shorts|viral|viralshorts|youtubeshorts|trending|trendingshorts|islamonpeak","18","0","0","0","https://i.ytimg.com/vi/Sb1ivzgDPs4/default.jpg","False","True","Emaan ki 60 se upar shakein hain ğŸ˜˜â£ï¸ğŸ˜â£ï¸ğŸ¥° #shorts #viralshorts #islamicØ­Ø¯ÛŒØ« Ù…Ø¨Ø§Ø±Ú©ÛHadees Mubarak only on @islamonpeak #youtubeshorts #viral #islamicvideo #islamonpeak"
"r0j2-7rD_dw","How To Draw Papyrus And Sans From UNDERTALE","2020-03-07T05:44:56Z","UCkT6R3sq_dQH8jP9g9_J93g","InsanelyADD","26","23.05.12","undertale|how to draw|papyrus|sans|how to draw papyrus|how to draw sans|skelebros|insanelyadd","30855","0","0","144","https://i.ytimg.com/vi/r0j2-7rD_dw/default.jpg","False","True","Was stuck in editing hell for a while, but I finally finished my how-to for drawing the SkeleBros from Undertale. First video I've posted here with my voice. I hope this tutorial will be helpful to people who find them hard to draw.Songs:Falling from the Undertale Album Project - Songs From Mt Ebott Vol 1You Are Determined from the Undertale Album Project - Songs From Mt Ebott Vol 1Hoping maybe I'll post more speedpaint things here, that would be nice."
"u29d-qZ6HfU","6 de marzo de 2023","2023-03-06T13:39:30Z","UCdRD9gIuHZndFtYAntH6uuQ","Alfredo Albares","22","23.05.12","[none]","5","0","0","0","https://i.ytimg.com/vi/u29d-qZ6HfU/default.jpg","True","True",""
"i1hPX2J50Z4","ã‚³ã‚¹ãƒ‘ã‚‚â— ãƒ•ã‚™ãƒªãƒã‚™ã‚¹ãƒˆãƒ³ã€ŒJ715 B5 ãƒˆã‚™ãƒ©ã‚¤ãƒã‚™ãƒ¼ã€","2020-04-03T10:00:32Z","UCXtg7YT-iOx9Lwh8IHeXh3w","ã‚¹ãƒãƒŠãƒ“ã‚´ãƒ«ãƒ•","17","23.05.12","ã‚´ãƒ«ãƒ•|Golf|ãƒ–ãƒªãƒ‚ã‚¹ãƒˆãƒ³|J715|J715 B5 ãƒ‰ãƒ©ã‚¤ãƒãƒ¼|ãƒ‰ãƒ©ã‚¤ãƒãƒ¼|driver|ã‚³ã‚¹ãƒ‘|å®‰ã„|ã‚´ãƒ«ãƒ•ã‚¯ãƒ©ãƒ–|ã‚¯ãƒ©ãƒ–|è©¦æ‰“|ã‚´ãƒ«ãƒ•ã‚®ã‚¢|ã‚®ã‚¢|ã‚¹ãƒãƒŠãƒ“|ã‚¹ãƒãƒŠãƒ“Golf|ã‚¹ãƒãƒ¼ãƒ„ãƒŠãƒ“","8284","0","0","0","https://i.ytimg.com/vi/i1hPX2J50Z4/default.jpg","False","True","ä¸–ç•Œã«èª‡ã‚‹æ—¥æœ¬ã®ãƒ¡ãƒ¼ã‚«ãƒ¼ã€ãƒ–ãƒªãƒ‚ã‚¹ãƒˆãƒ³ã€‚ãã®å¤šå½©ãªãƒ†ã‚¯ãƒãƒ­ã‚¸ãƒ¼ã§ã€ãƒ—ãƒ­ï½¥ã‚¢ãƒå•ã‚ãšå¤šãã®ã‚´ãƒ«ãƒ•ã‚¡ãƒ¼ã®æ”¯æŒã‚’å¾—ã¦ã„ã¾ã™ã€‚ãã“ã§ä»Šå›ã¯ã€ãƒ–ãƒªãƒ‚ã‚¹ãƒˆãƒ³ã€ŒJ715 B5 ãƒ‰ãƒ©ã‚¤ãƒãƒ¼ã€ã‚’ã‚¯ãƒ©ãƒ–ãƒ•ã‚£ãƒƒã‚¿ãƒ¼ã®å°å€‰å‹‡äººã•ã‚“ãŒè©¦æ‰“ã—ã€ãã®ç‰¹å¾´ã‚’è§£èª¬ã—ã¦ã„ãŸã ãã¾ã—ãŸã€‚è©³ç´°è¨˜äº‹ï¼šhttps://dosports.yahoo.co.jp/column/detail/202003030010-spnavidoâ€»æœ¬å‹•ç”»ã¯ã‚¹ãƒãƒ¼ãƒ„ãƒŠãƒ“ãŒç‹¬è‡ªã§ä¼ç”»ã—ãŸã‚‚ã®ã§ã™ã€‚å‹•ç”»å†…ã®å•†å“é¸å®šã‚„è©•ä¾¡ã¯ã‚¹ãƒãƒ¼ãƒ„ãƒŠãƒ“ã¾ãŸã¯å‡ºæ¼”è€…ã®æ–¹ã®åˆ¤æ–­ã«ã‚‚ã¨ã¥ã„ã¦ã„ã¾ã™ã€‚å‹•ç”»å†…ã§ä½¿ç”¨ã—ã¦ã„ã‚‹å•†å“ç”»åƒã¯ãƒ¡ãƒ¼ã‚«ãƒ¼ã‹ã‚‰ç”»åƒãƒ»ã‚µãƒ³ãƒ—ãƒ«ã‚’ãŠå€Ÿã‚Šã—ãŸä¸Šã§ä½¿ç”¨ã€æ’®å½±ã—ã¦ã„ã¾ã™ã€‚=====â˜…ã‚¹ãƒãƒŠãƒ“Golfã¨ã¯https://dosports.yahoo.co.jp/column/writer/10120ã‚´ãƒ«ãƒ•ãƒ¡ãƒ‡ã‚£ã‚¢ã§æ´»èºã™ã‚‹è­˜è€…ãŸã¡ãŒã€äººæ°—ã®ã‚®ã‚¢ã‚’å¾¹åº•è§£èª¬ï¼ã€€ãƒ‰ãƒ©ã‚¤ãƒãƒ¼ã‹ã‚‰ã‚¢ã‚¤ã‚¢ãƒ³ã€ãƒ‘ã‚¿ãƒ¼ã¨ã„ã£ãŸã‚¯ãƒ©ãƒ–ä¸€å¼ã¯ã‚‚ã¡ã‚ã‚“ã€ã‚·ãƒ¥ãƒ¼ã‚ºã‚„ã‚¦ã‚§ã‚¢ã€è·é›¢è¨ˆãªã©ã€ã‚´ãƒ«ãƒ•ã‚¡ãƒ¼å¿…é ˆã®ã‚ã‚‰ã‚†ã‚‹ã‚®ã‚¢ã‚’ã”ç´¹ä»‹ã—ã¦ã„ãã¾ã™ã€‚"
"Wm2cA_MbLOE","Z-Tec - THE GOAT","2021-08-05T06:04:30Z","UCjIILWUX89AHJmDpFCZ2-og","Seven Hip-Hop","10","23.05.12","Z-Tec - THE GOAT|Z-Tec|THE GOAT","31451","0","0","21","https://i.ytimg.com/vi/Wm2cA_MbLOE/default.jpg","False","True","Z-Tec - THE GOATConnect with Z-Tec:Youtube- https://www.youtube.com/channel/UC3b7GiZPDKbSAHWG1_kl6ggSpotify- https://open.spotify.com/album/0OCQ8pjxSbd43a8CEVtRGD?si=aqCkDwdRQMSQudFWTeETaw&dl_branch=1Pandora- https://pandora.app.link/rrdzuTLVmibSoundcloud- https://soundcloud.app.goo.gl/VNSmcxzUoFQSjs6B8Apple Music- https://music.apple.com/us/album/the-goat-single/1576193205IG-https://www.instagram.com/its_z.tec/#ZTec"
video_id,title,publishedAt,channelId,channelTitle,categoryId,trending_date,tags,view_count,likes,dislikes,comment_count,thumbnail_link,comments_disabled,ratings_disabled,description
"6-vnIkFR34Y","CLUW Women Vote 2020","2020-10-13T16:30:37Z","UCF4rWDG_QbBHx6KyJRi_IVg","CLUW National","29","23.05.12","Coalition of Labor Union Women|CLUW|Women","3752","0","0","10","https://i.ytimg.com/vi/6-vnIkFR34Y/default.jpg","False","True","Our goal is to empower women to be leaders in their community and in the political arena. This video is a representation of the journey, one that begins with womenâ€™s voices and Womenâ€™s Vote."
"ElUQIGhdVf8","TÃO QUÃ‚N 2023: CHUYá»†N THá»œI GENZ (Gáº¶P NHAU CUá»I NÄ‚M) Tá»° LONG, VÃ‚N DUNG, Äá»˜ MIXI, LONG CHUN...","2023-01-12T12:00:14Z","UCpnQwjzvDm1MOMtZV2zkVpA","LiÃªn QuÃ¢n Mobile eSports-Garena","24","23.05.12","garena liÃªn quÃ¢n|liÃªn quÃ¢n mobile|liÃªn quÃ¢n|garena liÃªn quÃ¢n mobile|garena|tÃ¡o quÃ¢n|tao quan|tao lien quan|tÃ¡o liÃªn quÃ¢n|tÃ¡o quÃ¢n 2023|tao quan 2023|tá»± long|tu long|long chun|quá»‘c khÃ¡nh|quoc khanh|quang thang|quang tháº¯ng|vÃ¢n dung|van dung|Ä‘á»™|Ä‘á»™ mixi|do mixi|cÃ´ Ä‘á»“ng nÃ¡t|co dong nat|gáº·p nhau cuá»‘i nÄƒm|gap nhau cuoi nam|tÃ¡o quÃ¢n má»›i nháº¥t|tao quan moi nhat|tÃ¡o 2023|hÃ i táº¿t|chÃ­ trung|chi trung|aov|tao lien quan 2023|tÃ¡o liÃªn quÃ¢n 2023","15383606","0","0","2276","https://i.ytimg.com/vi/ElUQIGhdVf8/default.jpg","False","True","HÃ i Táº¿t TÃ¡o QuÃ¢n 2023: Chuyá»‡n Thá»i GenZ (Gáº·p Nhau Cuá»‘i NÄƒm) Quá»‘c KhÃ¡nh, Tá»± Long, ChÃ­ Trung, Quang Tháº¯ng, VÃ¢n Dung, Äá»™ Mixi, Long Chun, CÃ´ Äá»“ng NÃ¡t(CÃ y View nháº­n VÃ© Quay QuÃ½ MÃ£o FREE ToÃ n Server)ğŸ‘‰ 5 triá»‡u view: +1 VÃ© Quay QuÃ½ MÃ£o - ÄÃ£ Äáº¡tğŸ‘‰ 10 triá»‡u view: +1 VÃ© Quay QuÃ½ MÃ£o - ÄÃ£ Äáº¡tğŸ‘‰ 15 triá»‡u view: +3 VÃ© Quay QuÃ½ MÃ£o - ÄÃ£ Äáº¡t#TaoLienQuan2023 #LienQuanMobileâ€¢â€¢â€¢â€¢â€¢â€¢â€¢â€¢â€¢â€¢â€¢â€¢â€¢â€¢â€¢â€¢â€¢â€¢â€¢â€¢â€¢â€¢â€¢â€¢â€¢â€¢â€¢â€¢â€¢â€¢â€¢Garena LiÃªn QuÃ¢n Mobile & LiÃªn QuÃ¢n Mobile eSports - Garena  lÃ  2 kÃªnh YouTube chÃ­nh thá»©c cá»§a há»™i Ä‘á»“ng LiÃªn QuÃ¢n, Ä‘á»“ng thá»i lÃ  Ä‘Æ¡n vá»‹ duy nháº¥t giá»¯ báº£n quyá»n sáº£n xuáº¥t toÃ n bá»™ ná»™i dung game vÃ  giáº£i Ä‘áº¥u LiÃªn QuÃ¢n Mobile (Arena of Valor)."
"3qLWWHoUDEg","Prajitura economa din doar 2 oua, o prepar zilnic! Cookrate-Romania","2020-05-24T10:00:04Z","UCaxMc1J0HCf2EkjIzfrWsYw","Cookrate - Romania","26","23.05.12","Cookrate-Romania|cookrate|cookrate romania|prajituri|prajitura|prajituri simple|prajituri de casa|prajituri rapide|prajituri rapide si ieftine|prajituri usor de facut|prajituri usoare|prajituri retete|prajitura deliciu|chec|checuri|chec pufos|chec de post|chec simplu|chec reteta|chec economic|chec pufos si delicios|chec rapid|chec de casa|chec simplu fara lapte|chec fara lapte","140811","0","0","23","https://i.ytimg.com/vi/3qLWWHoUDEg/default.jpg","False","True","Prajitura economa din doar 2 oua, o prepar zilnic! Cookrate-RomaniaIngrediente:ouÄƒ - 2 buc zahÄƒr - 100 g ulei - 100 ml lapte - 100 ml oÈ›et de mere - 1 linguriÈ›Äƒ apÄƒ 50 mlfÄƒinÄƒ - 150 gpraf de copt - 7 gDecor: gem de caise - 30 gmiez de nucÄƒ - 100 g  Diametrul tavei: 20 cm Timpul de coacere: 180Â°C/ 30 min"
"PE-s6Dc-_-8","Michha Maya Bhara II Old Odia film song by B Dash @life with music 12j60","2023-03-02T05:43:37Z","UCg8-X9Yqh5MSMOficbH0O-g","lifewithmusic","23","23.05.12","#bdash|#lifewithmusic12j60|#michhamayabhara|#oldodiafilmsongs","227","0","0","0","https://i.ytimg.com/vi/PE-s6Dc-_-8/default.jpg","False","True","Michha Maya Bhara II Old Odia film song by B Dash @life with music 12j60#lifewithmusic12j60 #bdash #oldfilmsongs #basudebadash"
"l05KlE8dp8o","How does a DC motor works | in Telugu Explanation on working","2021-10-10T11:58:18Z","UC8EjOYFUj_gxwvg8JmFdCQg","Explanation On Working","27","23.05.12","dc motor|how dc motor works|electric motor|motor|how does a dc motor works|dc motor working|working of dc motor|how does a dc motor work|dc motor how it works|working principle of dc motor|ac motor|how a dc motor works|how does dc motor work? a powerful dc motor testing|how does dc motor work|bldc motor|how does an electric motor work|how does electric motor work|dc motor working principle|how dc motor works in urdu|how does it works|electric motors","54771","0","0","110","https://i.ytimg.com/vi/l05KlE8dp8o/default.jpg","False","True","#DC_motor #motorWorking #ElectricityHow does a DC motor works in TeluguIn this video I was explained about how the DC motor works...Subscribe to my channel : https://youtube.com/c/UNIVERSEFACTS_gpraj___________________________________      Follow me on social media.Facebook link : https://m.facebook.com/pola.raju.142Instagram link : https://www.instagram.com/lefu_telugu/Twitter link : https://mobile.twitter.com/universefactsyt __________________________________If you found this video Helpful give it a like.If you know someone who needs to see it , share it.Leave a comment below with your thoughts or any queries regarding any technology and space and mysterious...Thank you for watching..!!__________________________________Previous videos linksHow does petrol engine and diesel engine works : https://youtu.be/hFrSkkKO9Io__________________________________for any copyright related matters please contact me : universefactsyt@gmail.com_________________________________Disclaimer - Some contents are used for educational purpose under fair use. Copyright disclaimer under section 107 of the copyright Act 1976 , allowance is made for fair use for purpose such as criticism , comment , News reporting , teaching , scholarship , and research. Fair use is a use permitted by copyright statute that might otherwise be infringing Non-profit , educational or personal use tips the balance in favour of fair use.___________________________________Please support me ğŸ™ğŸ™ğŸ™___________________________________"
"qB2D-zPqoys","would you kiss and hug him?","2023-04-19T15:36:48Z","UC9wEENoDKyeTnc7N2iuNDLg","Burrito Cheese Clan","22","23.05.12","[none]","12","0","0","0","https://i.ytimg.com/vi/qB2D-zPqoys/default.jpg","False","True",""
"85z6R6tnsu8","Crossfire PH sstd sept  29 full video","2021-09-29T17:48:05Z","UCGumTKI-8LWoX8J_b3AL7zg","jeff tukmolll","20","23.05.12","[none]","34","0","0","3","https://i.ytimg.com/vi/85z6R6tnsu8/default.jpg","False","True","Let's make CROSSFIRE PH fun to play not cheater infestedLet's playmusic by:Higher Octane - Vans in Japan"
video_id,title,publishedAt,channelId,channelTitle,categoryId,trending_date,tags,view_count,likes,dislikes,comment_count,thumbnail_link,comments_disabled,ratings_disabled,description
"AAIwkEDobPA","Plumpy Boss - Bomber","2023-03-30T22:55:52Z","UCN11RMlygZHdohfzwrPkiSA","PlumpyBossVEVO","10","23.05.12","Plumpy|Boss|Bomber|Bing|Bang|Studioz|Dancehall","4177820","0","0","1035","https://i.ytimg.com/vi/AAIwkEDobPA/default.jpg","False","True","Plumpy boss - Bomber (Official Music Video) Written and Performed by Plumpy Boss Produced by Bing Bang Studioz & StudioImpact                        Follow Plumpy Boss: https://instagram.com/plumpyboss_officialFollow Bing Bang Studioz:https://instagram.com/bingbangstudiozFollow StudioImpact: https://instagram.com/studioimpact_productionz#Plumpyboss #Bomber #Trinibad #Dancehall #BingBangStudioz #StudioImpacthttp://vevo.ly/4jBp4U"
"i2fl-HTErdY","Seral Rap - LAS CALLES DE MI BARRIO(VIDEO OFICIAL)","2023-01-01T03:00:09Z","UCehtH_p1BK2Kc95N9aIoLOQ","seral rap","22","23.05.12","[none]","67258","0","0","23","https://i.ytimg.com/vi/i2fl-HTErdY/default.jpg","False","True","Compuse esta canciÃ³n para todos los que crecimos en el barrio en la esquina tomando y en el party. Para los que ya no estamos en el barrio pero que lo recordamos donde quiera que estemos."
"h4RIQLlR4Lc","BHU3-3ZSK-43J3-R3J2","2021-06-10T04:47:09Z","UCXbIAKDjiiXQ5LdgVwICLSw","oye dhurve","22","23.05.12","[none]","45","0","0","0","https://i.ytimg.com/vi/h4RIQLlR4Lc/default.jpg","False","True",""
"Lo9fCfeLiy8","I Need An Alcoholic Drink | Ghia Shark Tank","2022-10-15T02:22:52Z","UCLrbrnzJCLBkeL-LUpea1mw","Joe Pardo","27","23.05.12","shark tank|shark tank reaction|reaction video|ghia dr|ghia drink|ghia drink recipes|ghia drink reviews|ghia drink pregnant|ghia drink amazon|shark tank non-alc|shark tank non alcoholic","27038","0","0","87","https://i.ytimg.com/vi/Lo9fCfeLiy8/default.jpg","False","True","Business Strategist, Joe Pardo reacts and gives his advice to the business Ghia pitch from Shark Tank Season 14 Episode 4.ğŸ“Further your business education by joining us in the Super Business Community! https://JoePardo.com/sbcğŸ“•ğŸ‘•ğŸ§¢ https://ShopJoePardo.comğŸš€ ROCKET YOUR SALES: Free PDF Guide! https://JoePardo.com/rocketğŸ“ˆ Work with Joe to grow your business at https://JoePardo.comCheck out Ghia at https://drinkghia.com/"
"ZQWwH9m_WIY","Shah e Madina | Shahida Mini | Naat | Khaliq Chishti Presents | HD VIDEO","2020-06-26T12:30:04Z","UCd58_TyKNS7xFBk1HUPCtOQ","Music World Islamic","22","23.05.12","shah e madina|shah e madina full naat|shah e madina qawwali|shah e madina original naat|shah e madina yasrab ke wali|shah e madina status|shah e madina whatsapp status|shah e madina lyrics|yasrab k wali sare nabi tere dar ke sawali|yasrab ke wali|yasrab ke wali sare nabi tere dar ke sawali|yasrab ke wali sare nabi tere|yasrab ke wali sare nabi tere dar ke sawali naat|yasrab ke wali sare nabi|yasrab ke wali shahe madina original|Shahida mini naat|shahida mini","46265442","0","0","6337","https://i.ytimg.com/vi/ZQWwH9m_WIY/default.jpg","False","True","Music World Islamic is your one-stop desitniation for high quality Islamic videos (Hamd, Na'at, Nohay, Nasheed, etc).  Subscribe to our channel and remain updated with latest uploads.  Click https://bit.ly/2NysBvy to subscribeThis is a Music World Islamic presentationNa'at : Shah e MadinaNa'atkhuwan : Shahida MiniArrangements: Khaliq Chishti#MuiscWorld #Na'at #ShahidaMini #Islamic #Devotional #Spiritual #Pakistan"
"cUr2ZdLfl6o","July 16, 2023 - Keep Growing and Keep Throwing - UMCB Live Stream","2023-07-17T03:02:01Z","UC2oWf7PSs0al1eK8zkGBEHA","UMC Branford","29","23.05.12","Faith|Giving Testimony|Called to serve|Prayer|God is with you|Holy Spirit|Trust|Healing|Measuring Faith|Trust the Lord|Coming of the Lord|Lessons|Light|New Beginnings|Living Water|Time with Jesus|Devotional|Shoreline|NRSV|Abide in Me|Ascension|Trinity|Many Rooms|Many Mansions|Planted|Bear Fruit|Strength|Hope|Follow Me|Parable of the Sower|Casting Seed|Fertile Ground","62","0","0","0","https://i.ytimg.com/vi/cUr2ZdLfl6o/default.jpg","False","True",""
"ZDNZ-wyTgIU","I believe I can fly","2023-06-16T18:40:02Z","UCxZkvTVlmfFH9mB6_0ZtThA","The Harding fam","22","23.05.12","[none]","57","0","0","0","https://i.ytimg.com/vi/ZDNZ-wyTgIU/default.jpg","True","True",""
"-9R5X-wXXIQ","Tarlac to paniqui asikaso muna tau ng passportğŸ˜ mga panggağŸ¥°","2023-02-19T15:53:22Z","UCkimGkKzJUODLP-8Hy2zEeQ","ğ˜ğğ­ğ¡ğğ¢ğğ¬ mix ğ•ğ¥ğ¨ğ ","22","23.05.12","[none]","49","0","0","0","https://i.ytimg.com/vi/-9R5X-wXXIQ/default.jpg","False","True",""
"R0j2-fvv2b0","IC2 Meirinhas","2023-02-05T15:41:54Z","UC5MODe6MwAy-UqlOEh3s0Fw","CamiÃµes do Mundo","22","23.05.12","[none]","2670","0","0","0","https://i.ytimg.com/vi/R0j2-fvv2b0/default.jpg","False","True",""
"fGh9-g5JQU8","30 June 2023","2023-06-30T22:27:32Z","UCleJvs3k61eV66gWsGy94_w","BallboyCR7","1","23.05.12","[none]","66","0","0","0","https://i.ytimg.com/vi/fGh9-g5JQU8/default.jpg","True","True",""
"OIohCgK1PyA","NOEI GROUP","2022-06-30T19:44:41Z","UC2bZDk5MmAWrp6Mf5yqBKGA","NOEI GROUP","22","23.05.12","[none]","58","0","0","2","https://i.ytimg.com/vi/OIohCgK1PyA/default.jpg","False","True","Noei Group inc...#interiordesign #construction #beverlyhills #remodeling #medicalofficedesign #interiordesigner #spaceplaning #residentialarchitecture #home"
